name,address,phone,participant_id,sex_assigned_at_birth
Megan Carlson,"056 Johns Stravenue Apt. 777
Ericland, AZ 58391",(694)935-3470,a2646ebf-a344-41a8-8dc0-9aba795e64dc,Male
Connie Reed,"1083 Steele Crest Apt. 893
Floresfort, RI 48062",272-064-1391,d68334b9-8e69-4b77-91a7-3e647752de41,Female
Christopher Marks,"802 Mary Crossroad
North Kevin, ID 87055",(180)957-5726x0617,e0bc193c-1b76-4ddd-9937-94fd89a8a1a4,Female
Courtney Jones,"764 Mclaughlin Landing Suite 909
North Frank, NM 07550",4352992202,2372dc2c-c61d-40a0-a5b2-670f5e72c2c6,Male
Crystal Moses,"4372 Brown Village
East Deborah, SD 65068",+1-655-264-4537x38137,26295be8-5fd4-414a-a3f9-92908f475846,Female
Tara Marks,"223 Chambers Wall
East Harry, VA 06210",114.672.4234x714,d8da80a9-5f04-4c0c-8080-66cb86d4db9d,Female
Jeffrey Beck,"584 Ariana Radial Apt. 446
Christophermouth, NV 50595",(048)481-7264,bcb2d3cd-38f0-46fc-a5fa-a7c844b6b633,Male
Abigail Waters,"08299 Amanda Mountain
Youngport, IN 55383",001-568-625-1396,a2646ebf-a344-41a8-8dc0-9aba795e64dc,Female
Susan Gonzalez,"864 Carroll Circles
New Mark, CT 19150",997-837-7483,12c30460-5210-4617-abf7-eceb5f0db878,Female
Melanie Williams,"81242 Mckinney Coves Suite 120
East Melissachester, DC 76101",(553)884-6576x0734,e0984f21-45cb-4cf4-ae04-e295645dbcf0,Male
Ronald Jones,"59181 Hanson Inlet Suite 487
Russellhaven, MD 34031",3608635336,fb8f0193-b180-4979-8923-5c91b20000af,Female
Amy Randall,"345 Charles Dale
Lindaville, DE 43532",533.657.7136,4885feef-5665-4a81-92de-4d980b18ab6a,Female
Michael Perkins,"745 Kara Lakes Apt. 346
East Phillipville, CA 37124",948-080-5956x1842,0c5cd3a9-94c6-4c78-8ec7-b3bfb922eb57,Male
Linda Allison,"854 George Plain Apt. 922
Morenohaven, AZ 94411",+1-808-123-6834,6bc88bc3-0ed3-4b2f-bd90-926f3c9717a4,Female
Dennis Keith,"99795 Hall Cliffs Suite 601
Helenshire, IN 60178",663-953-8013x76387,a2646ebf-a344-41a8-8dc0-9aba795e64dc,Female
Brian Arnold,"185 Deborah Greens
East Jim, DC 53067",(838)049-0110x08634,aa045b0a-0f7e-4c79-8ebb-32fd3f853a0d,Male
Jenna Sanchez,"02723 Barajas Path Apt. 748
West Andrewhaven, SD 35648",126-646-4977x6496,7ea747ef-5373-4ea3-afeb-32bc5252a9ca,Female
Tracy Roberts,"4965 Thompson Fork
Lake Jasonmouth, ID 72309",599-665-4390x186,e955c8d8-db11-4fda-ad95-5e720cdfb925,Female
Jessica Bird,"55556 Hoffman Gateway Suite 481
West Jean, NC 21914",564.466.4999,90cf7441-7a34-479a-abf5-8e58976dbd72,Male
Kevin Kelly,"2735 Miller Fall Apt. 741
Alexistown, PA 80926",+1-426-851-3883,9c16c415-ae80-42d0-9f4b-5cd9b47e6b76,Female
Melinda Tucker,"4445 Rojas Corners Apt. 437
Janetview, OR 22551",235.668.9732x267,eb6289b1-07c8-4244-b032-62caf9d2a5cf,Female
Patricia Rodriguez,"Unit 7615 Box 2207
DPO AP 04957",194.681.2919x86446,a2646ebf-a344-41a8-8dc0-9aba795e64dc,Male
Matthew Ochoa DDS,"074 Stephanie Mission
Taylorhaven, RI 86667",431-902-3634x8294,3014e6ef-187b-47d6-88bb-97b7327803e0,Female
Sonia Pollard,"PSC 7195, Box 9621
APO AP 17638",974-150-4780x1908,993ede0e-bbed-4c56-8fa2-cf207cbcdbfd,Female
Nathan Crawford II,"683 Morales Orchard
Yatesbury, NE 33214",+1-267-731-0236,7a115061-c2ce-4383-9ed7-07c7ce37af0d,Male
Matthew Sanders,"64656 Morris Village Suite 297
Kerriburgh, AK 83734",448-071-9577,225b3257-23cf-4063-897c-00a128ca4808,Female
John Chandler,"692 Jones Ridges Suite 154
North Kelly, SD 53830",0766671753,ceaaabb3-b98d-4d34-b77b-683e54ccb10d,Female
Christy Huang,"221 April Walks
Port Justin, IL 56395",056-879-8126x93135,10bcd1d7-2d8e-46d7-b272-fcbd67008570,Male
Matthew Phillips,"796 Nguyen Rue Apt. 557
East Andrewstad, WV 74805",425.313.7744x071,a2646ebf-a344-41a8-8dc0-9aba795e64dc,Female
Aaron Hall,"08732 Mary Ports Apt. 296
West Matthewfort, ME 37731",(325)197-6877x681,6fc3c338-ca2b-47e5-bf78-a3e955a50953,Female
John Rojas,"6733 Samantha Locks
Lake Julia, CA 45729",172-525-9896,6f3326dd-b870-4acc-b17d-83682f30fe74,Male
Michelle Blair DVM,"663 Olson Tunnel Suite 248
Johnsonborough, OH 92422",+1-376-149-1876x511,ca6b0a2a-ead8-4929-b1ed-99ef7e4fc6b8,Female
Tamara Rogers,"4028 Gutierrez Gateway Apt. 451
Stevenburgh, AR 09175",(990)207-1040,1ced0512-735b-4ea7-a411-92ef582e9d88,Female
John Holder,"7433 Monica Ways Suite 673
Joneston, GA 75643",+1-538-489-2681x43665,dd0397f4-fd64-4806-8cfe-bb287d9edb0e,Male
Erin Clark,"USNS Harrington
FPO AA 04521",(150)126-8706x84775,ebcaf850-351d-4da5-9e37-bdb0477eb702,Female
Sara Wells,"Unit 5299 Box 5822
DPO AA 23489",+1-044-161-6912x1211,a2646ebf-a344-41a8-8dc0-9aba795e64dc,Female
Melissa Jennings MD,"3118 Smith Street
Lake Nicholas, MN 28380",566.816.0734x0153,eb450194-6f9c-4821-bdfa-2b657492a075,Male
Adrian Fox,"3247 Valerie Haven Suite 718
Amandashire, TX 55722",(415)882-6406x68398,a03a3f36-22b1-4f65-9427-fa83da1af0a9,Female
Alan Moore MD,"880 Wayne Pines
New Hollytown, IA 94632",001-905-693-8335x59760,339043c0-b108-4b81-ab9b-e5100f39f621,Female
Maria Yang,"10939 Cooley Flat Apt. 871
Deborahburgh, IN 52174",001-608-635-7491x4284,efa60ad5-0217-469f-9241-d33eaaa9aa04,Male
Don Schmidt,"824 Robertson Lock
Monicaport, MI 64277",759.686.7275x627,71c0f881-3fa1-4455-80f6-c4fffaa49686,Female
Elizabeth Ryan DDS,"16710 Hayley Roads
Lake Jessica, GA 81688",001-067-748-2484x428,3e2a6787-81e9-4828-917a-31c3e6a5ffdd,Female
Timothy Johnson,"669 John Light Apt. 053
Lake Diane, NY 52601",343-312-5695,a2646ebf-a344-41a8-8dc0-9aba795e64dc,Male
Raymond Richardson,"55673 Sean Fort
Melindaside, MI 04204",+1-716-918-3893,95b4838c-827f-4901-95dc-6ff957c397dd,Female
Richard Brown III,"USS Rogers
FPO AE 38136",155-208-8843x4278,d49e9f6d-dd31-413a-808f-7b64cf49f434,Female
Tracey Barnett,"1731 Bartlett Run Apt. 818
Mandyshire, OH 78343",001-900-970-3041x398,52a17aab-35bd-481a-811b-5a762ff98fac,Male
Heidi Murphy,"732 Long Loop Apt. 395
Lake Brandonbury, IA 97115",+1-756-709-9820x6883,8ecb408a-a84f-45b0-87bf-5795629f8aa3,Female
Leslie Johnson,"1127 Adrian Drive Apt. 770
Ashleyshire, CT 90402",783-216-9799x92346,25552d99-23ad-446f-af75-defc9e31d08f,Female
James Kelly,"USCGC Mullen
FPO AA 35455",298-879-8344x63343,f869a9fa-64b8-47cf-8952-e97fc5d8735e,Male
Ronald Wilson,"5443 Mills Shoals Apt. 673
Lisamouth, WY 42462",024.136.3361x6727,a2646ebf-a344-41a8-8dc0-9aba795e64dc,Female
Randall Miller,"3119 Beverly Haven
Harpermouth, NE 67485",(132)054-0662,7ae5465d-925d-4c59-9508-3ba6c03a624c,Female
Autumn Hart,"624 Blanchard Crossroad
West Charlesborough, MD 29794",690-047-5082x8112,0c10d0b1-a192-4369-b021-b3511dcf1e73,Male
John Hess,"901 John Square
Port Timothybury, IA 44369",001-140-544-7873x164,4d89cbef-89c9-46ce-a8e1-030ef681d941,Female
Victoria Park,"374 Page Haven
Judithchester, FL 60767",375-559-4979x8961,6f9087c5-f7db-42d8-98b6-8d01cf3c677a,Female
Cory Rodriguez,"48610 Cody View
Brownstad, UT 65077",173.728.9164,01adbd8e-1622-49e0-b1b7-1cf1107ec6f0,Male
Heather Montes,"34856 Wallace Neck Suite 319
New Elizabeth, KY 36303",+1-276-834-9385,595a9853-448d-48b4-ac8b-034e81bc2365,Female
Thomas Gardner,"807 Jennifer Throughway Apt. 850
Davisport, MO 36103",001-071-685-8506,a2646ebf-a344-41a8-8dc0-9aba795e64dc,Female
Brian Williams,"940 Laura Harbors
Andreberg, NJ 20794",(880)268-2495x53486,2d43764b-b2ad-418f-961e-06bf2703a65d,Male
Tanner Atkinson,"19843 Dennis Forge Suite 042
Port Jodiborough, TX 12269",+1-587-286-7294x91900,abe9d77e-1999-4684-909e-0214203d23ad,Female
Jacqueline Randall,"6698 Elizabeth Port Suite 756
Karastad, NY 63870",4445504473,f7439261-a111-4369-a9ef-18bca69ead02,Female
Christopher Jones,"0130 Valdez Common Suite 653
Lake Kristina, ID 33834",001-698-737-4898,d1ce1a1b-438f-47b4-90ae-756666b5e885,Male
Melanie Jordan,"USS Winters
FPO AA 05417",8571297134,5c2f79f0-3d51-445b-adfe-7f55907f45dc,Female
Deborah Thompson,"997 Matthew Burg
Jacquelinemouth, MT 30220",001-765-837-9267x79407,2ec727f2-061c-4d05-899a-7bfdcfcaa9b4,Female
Jamie Garcia,"60327 Dustin Glens
Hatfieldmouth, DE 65228",320-207-1709,a2646ebf-a344-41a8-8dc0-9aba795e64dc,Male
Tonya Olsen,"711 Courtney Street Apt. 594
Wisefurt, WV 22653",+1-128-550-3441x0535,8e749a3b-19d8-48fc-a5fc-6e9ad285d201,Female
Caitlin Baker,"68799 Mccormick Locks Suite 641
Figueroaland, WV 96387",977-945-4316x211,f0d3305c-2fbb-43f2-a84c-55146c02d258,Female
Patty Booth,"474 Solis Fall Apt. 747
Port Kelseymouth, SD 68447",(679)272-4509,3d0009d0-538c-454e-87d9-eb446adab2cb,Male
Timothy Allen,"105 Brandon Camp Suite 638
West Norman, WY 35353",925-658-8851x23741,e040045a-5b82-4bdd-9932-284e8f44c809,Female
Kayla Wright,"4897 Ray Burgs
South Vincentfort, SC 32670",349-468-7834x659,7f61650c-4a14-406e-9ba8-f08d84826c04,Female
Lance Prince,"6475 Wade Roads
Brownfort, MT 21167",(353)326-3024x041,78ce9c70-51f7-43ef-af72-ddca3e68abe0,Male
Vanessa Parker,"6021 Christopher Motorway
New Michaelton, WA 59753",+1-786-461-2385x505,a2646ebf-a344-41a8-8dc0-9aba795e64dc,Female
Kimberly Sanders,"7928 Snyder Coves
Port Timothy, MD 72299",(045)203-0600x2312,372175e0-5e66-4d83-aa65-a24b78c15153,Female
Jerry Tucker,"4108 Middleton Summit Apt. 245
Kelseyfurt, OH 65327",+1-942-600-2156x166,af9db74b-c674-4053-8487-6a1da23db2fe,Male
Jo Fox,"60093 Olsen Ridge
South Samanthaport, CO 19549",127.304.5273x5495,07c200af-a564-41cf-9205-dfb38740103c,Female
Jeremy Bradford,"312 Gonzalez Lights Suite 554
Adamstown, ME 63701",7208576685,00b95b2a-86d0-478c-9b6c-1ca2f33e2dfe,Female
Anthony Leblanc,"780 Jones Mills
Maldonadoton, VA 76505",656-695-4588,00771b55-9e51-4d8a-980f-9b0adcb7f557,Male
Michael Smith,"904 Sheri Isle
East Tracy, ME 94629",336.497.6165,55bef734-5cb8-41f3-97c6-373803febf78,Female
Michelle Vaughn,"5803 Wendy Shoal
East Aaron, OK 70926",447-791-5965,a2646ebf-a344-41a8-8dc0-9aba795e64dc,Female
Frank Mata,"47414 Jonathon Mountains Apt. 474
Lake Michaelside, TX 97065",565.883.1343x344,0a295473-4f49-4ece-9a21-319c0440fdd4,Male
Ryan Estes,"463 Stephanie Vista
Saundersport, AL 36490",704.183.9463x32209,5c1ee780-cdd8-4e22-a779-3f46f60ed091,Female
Timothy Turner,"4383 Lee Ports
Bryanborough, TX 78957",001-543-590-0938x08167,b763b0b0-d1d8-43ce-9733-041c80fb4b8e,Female
Donald Dunn,"83383 Jordan Pines
Robertsonton, MS 98958",537.811.9014x496,e745b2e7-788f-4939-98da-05187d1aec3c,Male
Christopher Lopez,"Unit 0245 Box 8421
DPO AA 71180",(767)431-7950,6a0d06cb-233e-45e0-83cb-da078872c498,Female
Kathy Martin,"82077 Evans Ridges Suite 302
Michaelshire, IA 32307",(124)409-3162,49ec91f3-d627-4024-b23f-471c3fb62951,Female
Randy Stewart,"PSC 0621, Box 3006
APO AE 89488",+1-355-360-5254,a2646ebf-a344-41a8-8dc0-9aba795e64dc,Male
Anthony Moore,"035 Hunt Streets
Port Olivia, AR 37291",001-052-364-3925,319f3df7-9a76-48f1-af2f-9499b8fe8f42,Female
Joseph Bennett,"02724 Kyle Parkway
Walkerhaven, OR 70297",001-499-761-7496x49624,7a09471b-c8eb-49b8-a92b-36209b68881b,Female
Matthew Hawkins,"594 Smith Glen Apt. 605
Martinezmouth, MO 62860",+1-780-311-7241x36091,7bd95557-c3a5-436b-b44a-1aa91f49d9c1,Male
Alice Lopez,"9010 Burgess Unions Suite 002
Edwardview, KS 54550",+1-245-638-4450x436,b7742501-d81e-4299-8767-93e64f708fef,Female
Holly Kennedy,"Unit 0650 Box 7786
DPO AP 83094",+1-553-769-9351x53476,8600f76c-f51a-46ec-8022-2077ec7fc3d5,Female
Matthew Lambert,"6329 Cantrell Mews Suite 493
Santosfurt, LA 96626",302-506-2592,876194a0-4ab8-418d-ae57-ea268dfda385,Male
George Hood,"474 Kayla Key Suite 668
Port Rachel, NY 58688",001-503-846-7879,a2646ebf-a344-41a8-8dc0-9aba795e64dc,Female
Samantha Wells,"581 Sean Estates
Port Monicaton, DC 05689",+1-614-534-5416,d6b57069-3fb0-42ce-99e6-e28bdf64a9c0,Female
Nicole Meyer,"743 Dennis Harbor
Lake Curtisborough, TN 93933",294-888-0382x73874,8a2a7d64-d8bd-4897-9597-a3cc26da560d,Male
Desiree Clark,"PSC 4369, Box 8882
APO AA 99613",8463939148,4b11636a-7306-4789-8a16-5cc7d1c7b39b,Female
Kimberly Kelly,"49964 Conley Lights
Katelynmouth, ND 48790",058-164-6827,99028bcc-9523-4a42-8db5-4f4f47636023,Female
Michael White,"272 Gonzalez Pike
South Andrewberg, AK 81851",+1-685-348-1987,656721fc-8bb9-429c-8fce-135b02bbe01c,Male
Alexandria Dean,"82361 Todd Rest
North Susan, IL 94109",153-393-5507,c6b2ccab-141a-4f03-8ad6-43af61bfaaa9,Female
Michael Perkins,"5869 Lee Rest Apt. 336
Douglasstad, WI 50458",+1-552-189-2381x1221,a2646ebf-a344-41a8-8dc0-9aba795e64dc,Female
Edgar Smith,"080 Gardner Hills
Stephanietown, CO 75900",+1-884-209-3281x206,f7d697f2-caef-4128-aafa-25f29cc8a04a,Male
